carat,cut,color,clarity,price
0.41,3,5,4,1079
0.71,3,5,3,3101
1.01,3,2,2,4513
0.41,2,3,3,827
0.52,1,6,3,1701
0.7,4,6,2,3454
0.5,3,3,4,1583
0.23,2,5,5,530
1.2,3,0,1,4234
0.56,4,1,3,1417
0.73,4,1,3,2756
0.43,3,3,3,867
0.33,2,1,2,445
0.41,1,5,2,969
1.01,4,1,1,4336
0.38,3,1,1,641
0.35,4,2,2,630
0.32,4,3,5,936
0.72,4,1,3,2650
0.57,4,5,2,1436
0.5,4,3,1,1180
0.9,0,1,6,4194
0.33,3,5,5,868
0.5,4,6,5,2100
0.3,3,0,2,450
0.34,4,5,3,956
0.74,1,5,2,2906
0.32,4,5,4,825
0.3,4,5,4,694
0.42,4,3,4,1055
0.34,4,5,3,692
1.13,3,1,1,3987
0.9,1,5,3,4770
0.7,3,3,2,2285
0.53,4,1,7,1654
0.61,2,2,5,1877
0.44,4,6,4,1294
0.52,3,3,5,2012
0.71,2,4,6,3461
1.0,0,2,2,2873
0.7,2,2,2,2548
0.41,4,3,6,1068
0.31,4,5,3,680
0.7,4,5,3,2762
0.84,2,1,5,3392
0.82,4,4,1,2867
0.3,3,2,3,608
0.94,2,2,1,3624
0.4,4,4,4,917
0.75,4,5,1,2609
0.95,4,0,2,3275
0.7,2,3,4,2287
0.4,4,3,3,807
1.07,2,3,1,3655
0.35,3,5,3,767
1.01,1,4,2,4759
0.73,4,1,5,2485
0.37,4,4,1,572
0.32,4,5,6,814
1.0,0,4,1,3975
0.27,4,5,5,622
1.01,1,4,1,4416
0.8,3,0,2,2088
0.43,2,2,2,716
0.34,4,3,6,844
0.71,2,3,2,2644
0.9,4,3,2,3841
0.41,3,3,4,899
0.7,2,5,2,2537
0.4,3,0,3,765
0.76,3,2,3,2622
0.96,3,3,1,3215
0.95,2,5,1,3527
1.01,1,5,1,4479
0.43,3,4,3,905
1.32,3,0,1,4160
0.71,3,0,1,1609
0.33,3,3,6,1114
0.3,4,5,5,789
0.59,4,3,5,2155
0.32,4,2,6,730
0.55,1,0,3,1034
0.43,4,6,1,716
1.02,3,4,2,4678
0.3,4,3,4,618
0.3,2,4,1,506
0.9,0,5,0,2138
0.72,4,2,6,3708
0.7,4,4,6,4458
0.32,2,6,1,612
0.31,4,3,6,816
0.31,4,5,7,987
1.04,2,4,1,4181
0.43,4,6,4,1207
1.01,3,2,2,4191
0.3,1,3,1,394
0.9,1,6,1,3534
0.34,3,4,3,686
0.55,3,6,5,2366
0.3,2,4,6,694
0.36,1,6,2,663
0.39,3,4,4,956
0.65,2,1,6,2085
0.74,4,0,5,2106
0.32,2,3,5,672
0.41,1,0,3,611
1.01,2,6,1,4727
1.02,2,0,3,3796
0.3,2,3,3,484
0.7,1,3,4,2803
0.32,4,4,5,800
0.32,2,2,2,591
0.35,4,6,3,1063
0.7,3,4,4,2874
0.32,2,4,3,602
0.7,4,1,2,2110
1.04,2,1,3,4511
0.5,3,3,4,1624
0.33,4,6,3,1002
1.0,1,4,1,3799
0.86,4,5,1,3828
0.62,3,4,3,2065
0.52,4,3,5,1897
0.42,1,4,1,646
1.05,1,3,1,3898
0.41,3,3,3,827
0.81,2,1,2,2701
1.02,3,2,1,4455
1.01,3,5,1,4688
0.41,3,4,4,1007
0.43,4,3,7,1433
0.33,3,3,1,557
0.42,3,4,2,773
0.52,2,4,5,2079
0.41,4,1,5,788
0.41,4,6,1,683
1.01,2,6,2,4821
0.58,4,4,3,1811
0.9,1,3,2,3307
0.31,3,5,4,734
1.01,2,1,2,4375
0.5,0,4,1,1031
0.71,1,6,2,2641
0.71,3,5,2,2792
0.43,3,3,2,968
0.3,3,2,3,473
0.52,3,4,0,870
0.91,1,5,2,4211
0.53,4,2,2,1236
0.6,3,2,0,835
0.51,1,2,3,1128
0.6,3,5,2,1698
0.59,3,5,1,1229
0.52,3,4,3,1451
1.22,3,1,1,4831
0.66,2,5,3,2443
0.41,4,5,4,1030
0.7,2,5,2,2569
1.23,3,6,1,4470
0.41,4,3,3,1061
0.9,3,3,2,3984
0.51,4,4,2,1406
0.73,2,1,6,2623
0.31,4,6,3,942
1.0,2,4,2,4474
0.9,4,2,2,4492
0.98,0,2,1,2777
0.3,4,1,4,457
0.59,2,6,1,1419
0.34,4,2,3,537
0.3,4,6,3,911
0.3,4,6,6,1094
0.4,2,6,3,993
0.35,4,4,3,706
0.38,4,5,1,663
0.71,4,1,3,2878
0.33,4,3,5,713
0.32,4,3,5,936
0.33,4,6,3,781
0.41,4,4,4,1076
0.34,2,4,2,566
0.59,4,4,5,2345
0.31,3,6,2,732
0.4,1,3,1,596
0.9,4,3,3,4269
0.9,2,2,1,3160
0.43,4,5,5,1135
0.92,4,2,2,4325
0.73,3,4,2,2346
0.7,3,2,2,2020
0.29,3,4,2,403
0.34,1,5,2,765
0.33,4,2,4,579
0.31,4,4,7,1046
0.3,4,3,5,819
0.52,3,5,6,2302
0.3,4,4,4,570
0.24,2,3,5,449
1.02,4,2,5,4798
0.4,4,4,5,1088
0.27,2,5,5,621
0.75,3,4,3,3013
0.61,0,0,3,1174
0.92,3,2,1,3174
0.41,3,3,5,1056
0.41,3,3,2,923
0.26,2,4,6,657
0.2,4,6,3,367
0.33,1,3,7,1052
0.83,4,4,4,4592
0.7,3,0,2,1844
0.31,4,2,1,421
0.4,4,4,3,1080
0.61,2,3,6,2569
0.71,4,4,4,3404
0.77,4,5,1,2563
0.28,2,2,6,504
0.31,2,3,5,707
0.4,1,1,7,945
0.23,2,5,5,505
0.57,2,3,3,1565
0.31,3,6,2,537
0.71,3,0,3,1917
0.32,4,2,5,645
0.41,4,3,5,1076
1.01,1,5,1,4355
0.28,4,5,4,625
0.61,2,3,5,2403
0.41,4,4,4,1076
0.34,1,3,3,596
0.32,2,0,4,421
1.0,4,1,3,3858
0.9,2,6,2,4466
0.25,2,5,5,575
0.41,1,0,3,784
0.75,0,0,4,1869
0.52,3,5,4,1819
0.57,4,1,2,1173
0.72,2,4,5,3420
0.7,2,5,3,2593
0.35,2,4,1,494
0.9,1,5,3,4203
0.3,3,5,2,675
0.5,4,2,7,1923
0.28,4,3,7,650
0.9,3,0,3,2863
0.35,4,3,7,959
0.31,1,3,2,593
0.37,4,2,2,533
0.8,3,3,1,2451
0.73,4,2,1,2260
0.9,1,5,2,4165
1.01,4,5,1,4694
0.41,3,3,2,923
0.46,3,5,4,1294
0.42,3,6,2,970
0.35,4,6,6,1167
0.3,4,1,4,454
0.51,4,5,3,1909
0.41,4,2,4,962
0.42,4,4,4,1228
0.7,4,1,3,2351
0.32,4,2,5,828
0.31,3,4,3,802
0.74,4,6,4,3813
0.91,2,2,2,3734
0.31,3,5,2,698
0.53,4,5,3,1743
0.57,1,6,2,1847
0.3,3,2,4,675
0.9,4,6,2,4523
0.91,1,3,1,3340
0.33,2,2,3,486
0.3,4,5,1,401
0.33,3,1,6,780
0.42,2,2,2,700
1.01,1,2,1,3888
1.64,0,3,0,4849
0.34,4,4,5,1003
0.59,1,6,2,1431
0.74,2,6,1,2740
0.72,4,5,2,2869
1.0,3,6,1,4730
1.0,3,5,1,3450
0.53,3,3,3,1607
0.41,3,6,2,1015
0.74,4,3,5,3495
1.02,1,0,1,3298
0.9,2,4,2,3780
0.7,4,3,2,2478
0.41,4,3,5,1076
1.01,4,0,3,4617
0.64,4,3,1,1175
0.56,4,5,3,1915
0.5,4,1,2,1031
0.42,4,6,4,1132
0.72,3,2,2,2398
0.7,3,5,2,2396
1.02,1,2,1,3770
0.42,4,3,4,921
0.81,2,1,3,2444
0.42,4,6,2,970
1.07,2,1,2,4728
1.02,4,3,1,4501
0.27,2,5,6,620
0.41,4,3,5,1199
0.9,2,4,2,4545
1.11,4,1,2,4771
0.35,3,4,2,583
0.9,4,6,1,3990
0.3,3,2,4,526
0.65,4,0,2,1214
0.33,4,5,7,1079
0.9,2,2,1,3295
0.35,3,5,3,767
0.37,2,6,3,760
0.71,3,4,1,2343
0.83,1,4,1,2358
0.9,1,2,0,1939
0.32,4,5,4,657
1.06,3,3,1,4238
0.71,4,5,3,3026
0.79,2,5,2,3138
1.01,3,1,1,3665
0.9,2,6,2,4068
0.43,4,4,3,968
0.79,3,4,3,2953
0.53,4,3,2,1308
0.31,3,1,5,544
0.47,4,6,6,2460
0.35,3,4,4,984
0.91,4,5,1,3800
0.54,2,3,2,1292
0.8,2,5,4,4495
0.42,4,3,6,1235
0.46,4,1,4,974
0.42,4,4,5,1221
0.71,3,4,4,3082
1.02,4,4,1,4398
1.14,4,4,0,3755
1.03,3,0,2,4153
0.28,3,5,5,646
0.34,3,5,3,745
0.4,2,3,6,1123
0.53,2,4,3,1592
0.73,4,3,5,3783
0.3,3,5,3,658
0.96,0,2,0,1705
0.75,4,6,2,2903
0.52,4,2,6,1778
0.31,2,6,1,462
1.02,4,2,1,4398
0.41,4,6,3,1076
1.02,4,1,3,3148
0.72,4,4,4,3759
0.32,4,5,6,954
0.92,4,4,1,3763
0.91,3,4,1,3845
0.5,3,2,1,1024
0.39,1,0,4,616
0.91,1,5,3,4823
0.28,2,2,6,480
1.06,2,2,2,4785
0.35,4,4,5,806
1.0,3,4,1,3858
0.55,4,2,3,1664
0.3,3,4,4,570
0.71,1,3,4,2853
0.41,4,3,5,1007
0.27,4,4,5,760
0.32,3,2,2,591
0.73,4,5,4,3620
0.31,1,3,2,462
0.6,1,4,2,1599
1.09,4,3,1,4670
0.33,4,4,3,854
0.52,4,5,2,1682
0.31,4,4,3,640
0.52,4,5,3,1815
0.51,2,6,2,1425
0.42,3,3,3,1087
0.33,4,2,3,668
0.76,4,6,3,3443
0.91,2,5,1,3015
1.02,2,4,1,4162
0.36,4,6,3,773
0.7,2,6,2,2604
0.34,4,5,4,1033
0.31,3,2,7,816
0.34,1,2,2,490
0.26,2,5,4,453
0.3,3,4,3,605
0.5,4,6,3,1678
0.66,1,4,3,2138
0.8,2,2,2,2553
0.91,0,2,1,2763
0.81,2,3,2,2733
0.5,1,4,4,1415
0.51,4,5,1,1205
0.32,2,3,3,561
0.42,4,2,1,625
0.3,4,2,2,450
0.51,3,4,3,1402
0.33,3,2,4,579
0.7,3,2,2,2268
0.3,3,3,6,737
0.34,4,6,4,749
0.3,4,4,2,475
0.32,4,2,3,648
0.7,4,4,4,2751
0.41,3,0,6,994
0.5,3,5,1,1154
0.71,2,6,2,2743
0.41,4,3,7,1367
0.31,4,3,5,677
0.52,4,2,6,1809
0.42,4,5,3,1024
0.71,3,4,4,2839
0.4,4,0,2,552
0.58,2,5,2,1424
0.41,3,6,5,1105
0.7,2,4,2,2250
0.4,4,2,6,1017
1.07,3,3,1,4401
0.9,4,2,1,3794
0.3,3,6,5,965
0.54,3,4,3,1786
0.57,4,3,4,1851
0.74,3,3,4,2574
0.3,4,5,3,621
0.59,0,4,3,2443
0.95,2,3,1,4194
0.56,3,6,2,1814
0.31,2,5,2,507
0.56,3,6,1,1388
0.57,4,5,4,2164
0.41,2,6,2,717
0.36,2,6,2,851
1.07,4,3,1,4419
0.51,4,3,5,1974
1.01,0,6,2,4276
0.29,4,3,5,600
0.58,2,5,7,2852
0.42,2,4,2,717
1.03,4,2,2,4759
1.11,4,0,2,4259
0.4,4,4,3,1059
0.3,2,3,3,526
0.57,4,6,2,1754
0.72,4,3,2,2776
0.26,4,2,2,397
0.71,4,4,4,3013
0.83,4,5,2,3775
0.53,2,3,4,1607
0.9,2,2,3,3878
1.0,3,6,1,4816
0.51,3,5,3,1656
0.26,3,2,6,600
0.91,1,4,2,3993
1.24,3,1,3,4858
0.4,2,3,7,1173
0.33,4,4,7,1240
0.73,4,0,4,2121
0.72,2,4,3,2787
0.54,3,4,2,1349
0.34,4,5,3,816
0.51,1,4,2,1220
0.53,4,3,7,2247
1.1,3,2,1,4004
0.31,3,5,2,698
0.31,4,5,6,1064
1.2,2,0,1,4636
0.92,3,6,1,4150
0.3,4,3,3,495
0.33,3,0,4,557
0.3,1,3,5,684
0.4,2,3,6,1123
0.53,2,4,3,1631
0.7,4,1,3,2270
0.71,3,5,6,3936
0.31,4,0,3,396
0.5,2,4,5,2013
0.27,2,5,5,606
0.41,4,5,5,1243
0.7,1,5,3,2793
0.7,1,4,6,3310
0.75,2,4,2,2811
0.33,2,6,2,608
0.9,2,6,1,3806
0.51,4,4,4,1728
0.53,4,5,3,1690
0.67,2,3,4,2309
0.32,4,2,2,479
0.35,4,1,4,552
0.59,2,5,2,1652
0.42,3,6,1,898
0.36,4,3,6,892
0.55,4,5,2,1668
0.42,4,0,4,664
0.35,4,4,5,745
1.0,1,1,2,4042
0.73,4,5,2,2791
0.71,3,6,6,3952
0.72,2,6,3,3139
1.02,4,1,3,4281
0.9,2,5,1,3084
0.44,4,3,5,1081
0.5,4,5,2,1410
0.3,4,4,7,886
0.55,2,4,2,1271
0.71,2,5,4,3061
0.7,3,6,4,3001
0.52,3,6,5,2467
0.51,3,5,3,1662
1.02,1,4,2,4678
0.91,3,3,1,3376
0.4,2,3,2,702
0.42,4,4,5,1142
0.52,4,4,5,2359
0.7,4,3,6,3165
0.51,1,5,2,1624
0.9,2,2,5,4432
0.45,2,1,6,947
0.3,3,2,6,878
0.7,2,4,3,2400
0.92,1,0,1,3070
0.33,3,3,4,854
0.7,3,5,5,3377
0.71,2,2,6,2938
0.62,4,3,4,2141
0.7,2,6,2,2318
0.55,4,1,3,1281
0.39,4,3,7,1624
0.91,0,6,1,3079
0.77,3,5,3,3234
0.51,4,5,6,2524
0.55,1,4,2,1400
0.33,4,5,5,1114
0.32,3,5,6,1020
0.3,4,4,3,605
0.3,4,2,5,590
0.34,4,6,4,780
0.27,2,5,5,620
0.73,2,4,4,2843
0.41,4,2,4,827
0.56,4,5,3,1819
0.56,4,6,3,1963
1.2,4,0,1,4509
0.57,4,2,2,1247
1.04,3,5,1,3392
0.92,4,0,3,3215
1.01,2,1,2,4475
0.4,3,6,1,855
0.73,2,1,5,2565
0.91,3,6,1,4051
0.51,2,2,6,1744
0.31,4,2,3,595
1.0,0,0,3,2811
0.8,2,2,2,2739
0.57,4,4,4,2189
0.3,0,6,5,772
1.0,4,0,2,3788
0.26,2,5,5,599
0.71,4,4,1,2365
0.4,2,6,3,850
0.33,4,3,3,743
0.41,4,3,7,1259
0.35,4,4,3,706
0.31,3,5,4,816
1.22,2,0,1,4652
1.0,3,4,2,4704
0.9,3,3,3,4152
0.51,2,5,5,2211
0.3,1,5,2,675
0.59,4,5,2,1664
1.52,0,2,0,4648
0.32,3,6,2,756
0.53,4,5,2,1607
0.7,4,6,1,2575
0.23,2,5,5,530
0.32,2,3,2,477
0.77,3,0,4,2005
0.31,4,5,3,680
0.54,1,4,3,1563
0.32,1,6,2,589
0.24,3,2,6,432
1.04,4,4,2,4426
0.92,4,5,1,3941
0.32,4,6,3,912
1.07,2,5,1,4824
0.4,3,4,3,842
0.56,3,2,5,1814
0.36,3,6,2,663
0.52,2,5,3,1665
0.23,2,6,5,530
0.4,4,2,6,1017
0.52,2,3,2,1161
0.28,2,2,3,376
0.3,4,4,5,694
0.78,4,0,4,2365
1.07,4,2,3,5108
1.0,0,5,3,6285
1.8,3,1,1,8457
1.19,2,6,1,5562
1.35,3,1,2,6577
1.01,3,6,2,5543
1.23,4,2,1,6199
1.25,3,1,4,5331
1.05,4,1,5,5932
2.01,1,4,0,6686
1.0,2,4,5,8950
1.02,4,5,2,5278
1.08,4,2,2,5517
1.5,3,2,1,7812
0.9,1,3,5,5001
1.01,4,3,3,6104
1.21,2,2,4,7279
1.22,4,5,2,7085
1.23,4,4,4,8523
1.09,4,2,2,5238
1.2,1,3,3,7603
1.05,2,2,3,5614
1.14,2,4,2,6194
1.07,2,3,3,6355
1.19,4,3,5,9403
1.01,4,5,2,6346
1.01,4,3,7,8778
1.34,4,3,1,5358
1.1,4,3,3,7540
1.22,4,2,2,6727
1.27,3,3,2,7005
1.01,2,4,3,6533
1.2,4,4,3,8590
1.04,4,3,3,6458
1.2,3,3,2,6586
1.09,4,2,3,5732
1.32,4,3,2,7414
1.27,4,5,3,6543
1.0,3,2,3,5139
1.1,4,4,1,5596
1.52,3,6,1,8631
1.75,3,1,2,7644
1.52,3,1,3,9057
1.0,3,5,4,7588
1.2,2,3,4,8442
1.21,2,2,1,5324
1.52,4,3,1,8852
1.06,4,3,5,8358
1.14,3,1,3,5008
1.21,3,2,1,5218
1.5,3,2,2,8669
1.09,4,3,5,8057
1.05,4,4,5,8870
1.01,4,5,1,5437
1.53,3,1,2,8911
1.26,4,0,6,6186
1.06,3,2,4,5236
1.06,4,3,3,6660
1.01,2,4,3,6944
1.12,3,2,4,5845
1.01,2,4,4,6679
1.0,2,6,3,6776
1.0,1,4,2,4961
1.31,3,3,3,9296
1.16,3,4,1,5164
1.06,4,5,1,5319
1.09,4,2,2,5125
1.01,3,5,2,5077
1.28,3,1,2,6164
1.01,2,3,3,5701
1.03,3,1,4,5012
1.02,4,4,2,5398
1.4,4,2,1,7213
1.04,3,6,2,6115
1.22,4,3,4,8830
1.22,2,3,2,6421
1.01,4,2,2,5664
1.5,2,0,5,7840
1.06,3,5,2,5642
1.22,3,1,3,5405
1.5,3,1,3,8820
1.22,3,2,3,6608
1.23,4,1,2,5600
1.01,2,3,4,6613
1.23,4,2,2,6617
1.01,0,5,2,5185
1.01,1,3,2,5277
1.2,4,2,4,8275
1.55,3,0,2,7502
1.0,3,2,3,5000
1.0,2,3,3,5967
1.05,4,5,5,8982
1.0,1,3,6,7467
1.23,4,2,2,5768
1.49,1,1,1,5407
1.03,3,1,4,5104
1.5,0,3,1,7972
1.08,1,2,6,6504
1.05,4,3,3,6604
0.92,1,3,5,5390
1.31,2,1,1,5652
1.04,3,2,2,4980
1.51,2,2,2,9464
1.01,4,6,2,5543
1.41,2,0,4,7636
1.5,3,0,1,5268
1.07,4,1,2,5002
1.33,1,6,1,6152
1.01,2,3,3,6019
1.0,3,5,4,7420
1.5,2,0,5,8712
1.0,1,5,3,5819
1.01,2,3,3,5779
1.0,3,3,3,6048
1.0,3,5,4,7885
1.2,3,3,4,8442
1.56,3,1,5,8858
1.01,1,4,3,6037
1.58,4,0,2,7592
1.53,2,3,1,8095
1.02,2,5,3,5565
1.0,4,4,3,6580
1.52,2,0,2,7759
1.12,2,6,2,5966
1.66,2,3,1,9123
1.36,2,0,1,5215
1.01,3,2,3,4959
1.26,2,3,2,7000
1.02,2,4,2,5500
1.02,3,4,3,6333
1.01,3,6,2,5939
1.23,3,0,3,4986
1.25,2,4,2,7956
1.19,4,1,2,4998
1.3,3,6,1,7002
1.01,3,3,4,6882
0.9,4,5,2,5373
1.1,2,1,4,5082
1.28,4,2,6,8928
1.16,4,3,1,5695
1.32,4,4,3,7983
1.0,1,5,2,5174
1.06,3,4,3,6399
1.23,3,0,4,5510
1.31,1,1,4,6455
1.26,3,1,1,5080
1.02,4,6,1,5235
0.9,2,6,2,5040
1.08,4,3,4,7551
1.01,3,6,2,5656
1.53,2,6,1,9001
1.02,4,4,3,6306
1.51,4,3,1,8637
1.02,3,5,1,4990
1.06,4,3,5,8626
1.0,0,5,5,7918
1.51,3,1,4,9467
1.22,3,1,3,5649
1.03,2,6,2,5313
1.2,2,2,4,5853
1.02,2,5,2,5814
1.2,1,2,1,5085
1.01,3,5,2,5311
1.31,2,0,1,5100
1.21,3,1,2,5760
1.01,2,4,4,6999
1.01,4,5,5,9310
1.38,3,2,1,6646
1.07,2,3,3,6355
1.51,1,0,2,6851
1.01,2,6,2,5812
1.06,4,1,4,5702
1.24,3,2,2,6686
1.31,4,2,4,8583
1.0,3,4,2,5292
1.01,3,3,2,5006
1.01,3,5,4,7839
1.08,3,3,4,6689
1.51,1,4,1,7695
1.49,2,4,0,6064
1.09,2,3,5,7583
1.2,4,3,4,8698
1.03,3,3,2,5105
1.15,1,2,3,5646
1.01,2,3,3,5294
1.52,4,0,5,9541
1.21,3,3,1,4976
1.5,3,3,2,7535
1.04,3,2,2,5090
1.0,1,6,3,6189
1.2,1,3,3,7380
1.0,1,6,3,5174
1.02,2,6,3,6597
1.01,0,4,2,5144
1.0,3,3,3,6451
1.01,4,2,3,5238
1.15,4,4,5,8743
1.4,3,2,2,8624
1.03,2,5,4,7477
1.51,4,1,1,7362
1.18,3,3,5,9537
1.14,2,3,4,7171
1.22,4,5,1,4974
1.1,4,2,1,5002
1.11,4,3,4,8129
1.61,2,3,1,6915
1.14,3,4,2,5925
1.51,1,1,4,8210
1.04,4,5,5,9552
1.2,4,2,2,6512
1.01,3,4,3,5988
1.71,3,1,1,8366
1.17,4,3,4,8639
1.04,4,3,4,6632
1.0,2,2,2,5247
1.0,3,3,3,5645
1.51,2,5,1,7848
1.32,4,1,2,6431
1.01,3,3,3,5946
1.29,3,1,3,6321
0.84,4,6,6,6399
1.21,4,1,4,6691
1.03,4,6,4,8612
1.21,3,2,3,6849
1.2,4,0,4,5722
1.2,2,3,2,5918
1.14,2,4,3,8131
1.22,3,3,3,7729
1.12,2,5,2,6098
1.16,4,2,1,5260
1.01,3,3,3,5538
1.21,4,1,2,5556
1.09,2,1,3,5072
1.01,1,4,3,5817
1.2,2,3,3,8124
1.22,2,1,1,5072
1.5,4,3,1,8736
1.57,3,1,3,7755
1.5,4,1,2,8736
1.08,2,4,2,5256
1.29,2,1,2,5463
1.7,3,1,1,7140
1.11,3,4,4,7832
1.01,3,2,3,5050
0.9,3,5,4,5242
1.01,4,2,3,5306
1.65,4,3,3,9425
1.02,4,4,3,7078
1.03,4,3,6,8608
1.0,0,4,3,6210
2.16,4,2,0,8709
1.0,2,1,4,5009
1.5,1,2,1,5833
1.0,4,3,5,7885
1.01,3,4,5,8579
1.01,3,2,2,5090
1.01,3,5,2,5599
1.01,1,3,3,5701
1.06,4,3,4,8451
0.9,1,5,4,5068
1.51,4,0,5,9334
1.01,2,4,2,5789
1.02,2,6,2,5598
1.51,3,0,2,6976
2.01,2,2,0,6592
1.01,3,4,2,5559
1.55,4,0,1,6805
1.0,3,4,2,5197
1.21,4,4,2,6659
1.0,2,2,3,5139
1.27,2,0,3,5455
1.5,3,1,3,9055
1.16,3,3,5,9146
1.11,4,5,1,5358
1.21,3,3,3,7792
1.06,2,3,4,6663
1.31,3,2,2,7527
1.22,1,0,4,5356
1.2,2,2,6,6672
1.0,3,6,2,5488
1.32,1,1,4,7143
1.01,4,5,2,5372
1.2,3,1,3,5699
1.01,2,4,3,7135
1.0,2,3,5,7623
1.09,2,5,1,5035
0.94,4,6,1,5155
1.5,2,2,1,7774
1.2,4,4,3,8436
1.26,4,4,3,9236
1.2,4,3,2,7372
1.01,1,3,3,5756
1.07,4,6,2,5767
1.2,3,2,2,6129
1.06,4,3,4,8285
1.03,4,5,5,8811
1.25,4,6,1,6779
1.54,3,0,4,6194
1.51,2,5,1,9343
1.7,4,0,3,9276
1.51,0,0,4,7139
1.13,4,5,1,5457
1.03,2,3,2,5353
1.22,4,0,4,5649
1.09,4,3,3,7961
1.05,4,3,5,9000
1.23,1,2,2,5490
1.01,3,3,4,6759
1.01,3,4,3,6533
1.01,4,5,4,7589
1.19,4,1,2,5331
0.91,4,6,4,6652
1.51,4,3,1,8794
1.0,3,3,3,5242
1.25,4,3,1,6371
1.23,3,2,3,6957
0.86,1,6,6,5029
1.26,2,3,2,6733
1.51,1,4,1,7208
1.17,4,1,2,5092
1.21,4,3,4,8759
1.12,4,3,4,7970
1.08,4,6,2,6203
1.0,3,4,2,5221
1.02,2,5,3,6732
1.2,4,2,4,5242
1.42,0,3,3,7214
1.22,3,3,4,8739
1.01,3,3,2,5006
1.03,4,3,2,5147
1.09,3,3,2,5402
1.51,2,0,2,6976
1.57,3,0,4,8595
2.01,1,2,0,7959
1.5,3,6,1,8649
1.1,4,3,3,6653
1.01,4,5,2,5534
1.04,1,4,2,5871
1.01,3,5,2,4991
1.29,2,2,4,8629
1.5,4,1,0,5412
1.01,2,4,3,6289
1.52,2,1,2,9129
1.11,4,3,4,7917
1.02,2,4,2,4948
1.03,2,4,3,6153
0.81,4,4,7,6338
1.53,3,3,2,9476
0.9,2,6,4,5795
1.1,3,2,3,5652
1.06,4,4,3,7334
0.72,4,4,6,5006
1.18,2,3,2,6286
1.01,4,4,4,7209
1.28,3,2,2,6701
1.03,4,5,2,5330
1.19,3,2,4,7277
1.22,3,4,3,7154
1.15,4,2,1,5306
1.21,1,4,3,7786
1.01,3,2,3,5260
1.19,0,1,2,5198
1.07,2,3,5,7975
1.54,0,4,1,7848
1.07,2,5,3,6120
1.23,3,3,4,8759
1.52,4,2,2,7729
1.29,3,3,4,9354
1.52,0,1,5,7303
1.14,4,2,3,6628
1.4,3,2,2,8223
1.06,4,4,3,7592
1.5,4,2,5,8224
1.22,4,3,3,8062
1.5,4,4,2,9347
1.07,3,3,3,6644
1.57,4,0,2,7640
1.01,3,5,3,6968
1.06,2,5,2,5090
0.93,4,5,2,5992
1.0,4,5,2,5555
1.22,3,2,2,6620
1.53,4,1,3,9116
1.02,3,4,2,5455
1.1,4,3,2,5545
1.5,1,6,1,7722
1.03,3,6,2,5653
1.11,4,5,2,6737
1.17,4,4,3,8072
1.01,4,3,3,6439
1.09,3,6,1,5042
1.01,2,5,2,4986
1.0,2,2,2,4995
1.5,1,5,2,8820
1.16,4,1,3,5302
1.05,4,5,2,6316
1.0,3,6,2,5880
0.91,3,5,4,5167
1.24,3,5,2,6875
1.64,4,0,3,9251
1.2,3,2,2,5899
1.22,1,2,1,6250
1.05,3,2,4,5886
1.02,3,3,4,7129
1.51,2,5,2,9474
1.33,3,2,1,6405
1.35,2,1,1,5579
1.24,3,6,1,6965
1.22,2,3,5,8975
1.25,4,3,3,9030
1.12,2,3,5,8564
1.02,3,4,4,7197
1.5,4,2,4,8891
1.02,2,6,2,5598
1.01,0,6,2,5122
1.51,2,0,3,7418
2.01,1,1,1,8780
1.06,3,3,2,5043
1.1,4,2,4,6470
1.04,4,5,1,5163
1.2,4,2,4,7294
1.1,4,4,2,6621
1.32,4,1,4,7480
1.29,2,3,3,8684
1.3,2,2,2,6758
1.01,3,5,3,6666
1.56,4,0,2,6727
1.08,3,3,4,6982
1.21,3,5,2,7334
1.02,3,5,3,6215
1.01,2,6,2,5815
1.13,3,5,4,8353
1.51,2,2,1,7723
1.08,4,5,3,7548
1.04,4,3,4,7951
0.91,3,6,3,5259
1.03,2,5,2,5010
1.02,4,3,6,8317
1.04,4,3,4,7294
1.04,3,6,3,6814
1.17,4,3,3,7550
1.23,1,2,1,5412
1.0,4,4,2,5221
1.06,3,3,3,5543
1.01,3,5,3,6697
1.0,3,4,3,6328
1.21,2,1,1,5014
1.0,3,5,3,6720
1.11,3,4,5,9377
1.01,4,3,3,6108
1.53,4,1,2,8971
1.06,3,2,3,5520
1.02,3,3,4,6683
1.05,2,2,4,6132
1.02,2,5,4,7503
1.53,3,1,2,9022
1.0,1,3,5,7492
1.0,3,5,3,6860
1.36,3,0,3,6157
1.19,3,2,3,6944
1.21,4,1,4,6279
1.44,4,3,0,6096
1.53,3,0,6,9155
1.1,4,3,3,6534
1.0,2,6,2,6196
1.0,4,5,3,6871
1.2,4,3,1,5484
0.9,1,6,6,8239
1.2,4,2,2,6588
1.21,4,4,3,9397
1.51,2,1,2,8073
1.5,2,2,1,6770
1.07,3,3,4,6730
1.58,3,0,5,7592
1.51,0,6,2,9293
1.01,4,3,4,6618
1.5,1,5,1,8492
1.04,3,4,3,6458
1.22,4,2,3,7506
1.0,1,3,4,5863
1.07,3,3,3,6903
1.07,4,2,4,5063
1.37,2,3,1,6609
1.2,2,0,3,4963
1.0,3,3,3,6048
1.24,4,2,3,5683
1.2,4,3,6,9009
1.01,4,2,4,5882
1.13,4,3,5,8192
1.26,4,4,1,6277
1.02,2,4,2,5701
1.25,3,2,2,5320
1.71,3,1,3,9116
1.2,3,4,2,6604
1.08,0,3,4,7076
1.5,0,5,1,7560
1.09,4,5,1,5035
1.05,4,3,2,5204
1.01,2,3,4,6613
0.93,3,4,3,4961
1.0,4,5,3,7168
0.9,2,4,4,5167
1.13,3,2,2,5410
1.25,4,2,2,7573
1.04,3,2,2,5179
1.0,3,5,3,6400
1.22,3,4,1,5794
1.13,2,4,2,5017
1.08,2,2,3,5515
1.01,1,5,3,6399
1.01,3,2,3,5303
1.03,4,3,6,8454
1.73,3,4,1,8816
1.07,4,1,2,5748
1.05,4,1,5,5352
1.25,2,4,1,5851
0.91,2,4,4,5302
1.01,3,4,3,6271
1.26,3,6,2,7903
1.0,4,5,2,5935
1.15,4,3,6,9377
1.1,2,3,3,6369
1.22,4,2,3,6947
1.2,1,6,2,5913
1.01,1,3,4,6066
1.6,3,4,1,9229
1.0,1,3,3,5002
1.34,4,2,3,7999
1.03,2,3,4,7511
1.02,4,2,3,5666
1.52,3,5,1,9028
1.07,3,6,3,7954
1.0,3,4,2,5060
1.0,1,5,3,6958
1.01,4,3,3,5995
1.2,3,2,3,6547
1.08,3,3,4,7523
1.36,3,1,3,6017
1.22,4,2,4,8167
1.2,4,5,2,7074
1.11,3,6,2,6962
1.0,3,3,3,5806
1.0,2,2,6,6296
1.13,4,3,4,7808
1.53,4,1,3,9189
1.5,1,2,1,7500
1.23,2,5,3,9193
1.04,3,4,2,5284
1.01,4,6,2,5147
1.22,4,2,5,8014
1.13,3,3,4,7404
1.05,2,2,4,4969
1.2,3,5,2,7274
1.0,2,3,5,7950
0.9,2,3,4,5135
1.01,0,6,2,5628
1.0,3,6,2,5775
0.91,4,4,3,5261
1.5,2,0,3,7492
0.8,2,6,7,6834
1.01,1,5,3,6250
1.31,4,1,3,6873
1.22,4,2,1,5807
1.06,4,3,5,7934
1.24,4,0,3,6639
1.26,4,2,1,6239
0.83,4,3,6,4963
1.0,1,3,3,5484
1.01,1,4,3,6416
1.73,2,0,3,9510
1.18,4,0,4,5182
1.51,1,1,3,8951
1.07,4,3,5,8707
1.01,4,4,3,6794
1.01,2,5,3,6517
1.04,4,6,2,5952
1.16,4,3,6,9075
1.06,4,3,4,7594
1.09,4,1,2,5486
1.22,2,3,3,8340
1.38,3,3,1,5487
1.49,2,3,1,7773
1.29,3,1,4,5664
1.02,2,4,2,5019
1.03,4,5,2,5476
1.02,3,3,3,6087
1.52,4,1,4,9483
1.0,4,3,3,5824
1.04,3,2,3,5777
1.5,3,3,1,8316
1.2,4,1,2,5694
1.02,1,3,4,5951
1.33,4,0,2,5996
1.16,4,3,2,5908
1.04,1,3,4,7177
1.03,4,6,2,5804
1.71,3,0,2,8690
1.28,4,3,1,5888
1.05,3,3,3,6070
1.11,4,6,3,7602
1.02,2,5,5,8745
1.01,4,1,4,5022
1.0,2,5,4,7367
1.27,3,3,3,8549
1.0,0,4,4,6115
1.2,3,3,4,8056
1.0,4,4,4,7177
1.03,3,3,4,6659
1.01,0,4,4,6759
1.05,3,6,2,5351
1.38,2,2,2,7836
1.0,2,3,4,6642
1.16,3,3,4,8107
1.24,2,2,2,6625
1.5,2,5,1,7728
1.04,4,3,6,8794
1.16,3,6,1,5136
1.14,4,3,4,9090
1.51,3,1,1,7577
2.34,3,1,0,8491
1.0,3,2,6,6132
1.9,0,2,1,8576
1.05,2,5,3,6803
1.22,3,2,1,5671
1.06,4,3,3,7255
1.01,1,3,5,7430
1.1,4,4,3,7658
1.03,4,4,5,9131
1.0,3,3,4,6552
1.2,2,5,1,5645
1.04,4,3,3,6286
1.37,3,0,1,5156
1.22,1,2,3,7201
1.6,4,2,1,9275
1.26,4,1,1,5363
1.21,3,0,3,5541
1.12,4,3,4,7495
1.35,4,2,2,7609
1.01,1,6,3,6429
0.9,1,3,7,5771
1.01,3,3,3,5864
1.22,3,1,2,5466
1.16,3,1,3,5016
1.55,3,5,1,7161
1.32,4,3,3,9408
1.51,2,1,4,9467
1.83,0,0,0,5083
1.03,2,4,2,5241
2.0,2,0,1,8870
1.09,4,4,4,8730
1.04,4,0,5,5242
1.03,3,5,3,6460
1.01,3,6,2,5210
1.0,3,5,2,5544
1.5,0,1,0,5040
1.5,2,1,1,7392
1.04,4,2,3,5805
1.24,4,0,2,5000
1.15,4,1,4,7096
1.09,2,4,3,6990
1.59,3,1,3,7479
1.01,3,3,5,7466
1.51,2,0,5,8706
1.07,3,3,3,6213
1.13,4,1,4,5813
1.05,4,4,5,9092
1.21,2,1,4,5726
1.19,2,2,4,7147
1.21,4,2,3,7562
1.7,4,2,2,9139
1.62,2,5,1,9355
1.03,4,6,2,5804
1.53,4,2,1,7617
1.17,4,6,1,5842
1.41,2,2,1,7339
1.0,1,3,3,5667
1.13,3,3,2,5600
1.01,2,6,1,5703
1.51,4,0,3,8203
1.0,2,5,2,5718
1.12,4,4,3,8074
1.01,3,4,2,4989
1.59,4,0,4,9494
1.23,3,4,4,9319
1.22,4,1,4,6469
1.61,3,2,1,9167
1.12,3,3,4,7827
1.2,3,3,4,8602
1.22,3,2,2,6387
1.51,1,0,2,6511
1.04,4,4,3,7508
1.12,0,6,3,7696
1.52,0,6,1,7702
1.0,2,6,3,6937
1.15,3,6,2,6041
1.23,2,2,3,6459
1.01,4,3,3,6964
1.0,2,5,3,6732
1.21,2,3,2,6190
1.24,2,0,2,5045
2.0,0,0,3,11966
1.5,3,1,5,10744
2.11,0,3,1,12633
1.51,3,1,4,9640
1.51,2,4,2,11560
1.51,3,1,4,10401
1.42,3,4,4,10338
1.56,2,2,5,12098
1.28,4,3,6,11248
1.22,4,4,4,9581
1.71,1,1,4,12755
1.58,4,1,6,11526
1.5,1,3,2,9892
1.6,2,2,2,9946
1.5,1,1,4,9702
1.57,4,1,3,10278
1.54,1,2,4,10769
1.21,4,3,5,10568
1.5,2,5,1,10080
1.44,1,3,4,9677
1.41,3,3,4,11347
1.31,4,5,4,10711
1.57,3,3,2,11113
1.62,2,2,3,10912
1.55,3,2,3,11048
2.06,4,0,1,11337
2.01,2,3,1,13940
1.2,4,3,5,10463
2.14,3,0,1,13205
1.63,4,5,1,10357
1.5,4,5,2,11489
1.58,4,2,3,11262
2.0,4,2,1,12587
2.09,3,2,2,12063
2.01,3,0,3,13619
2.01,3,1,2,12617
1.51,3,2,4,10743
1.6,2,1,3,10346
2.01,3,1,1,12338
1.41,4,2,4,9752
1.54,1,1,4,10164
1.59,3,1,3,10039
2.03,3,1,1,13182
2.03,3,0,2,12492
2.15,4,1,2,13006
1.21,2,3,5,9942
2.14,3,1,1,12970
1.26,2,3,6,10922
2.01,3,2,3,13342
1.62,4,2,3,11114
1.5,4,4,1,9996
2.21,3,2,1,14032
1.78,4,2,2,12843
2.03,4,3,1,12154
2.01,4,4,1,13201
1.55,4,4,1,9808
2.58,0,4,1,12500
1.55,3,1,4,10416
2.03,3,1,1,13182
2.0,3,3,1,13007
1.7,4,2,3,10333
1.24,3,4,4,9930
1.3,3,3,6,11061
1.5,3,4,2,11484
1.7,3,1,2,10331
1.5,2,4,2,10973
2.04,0,5,1,12799
1.5,3,1,4,9900
1.21,4,5,4,10351
1.22,4,4,4,9756
2.21,2,0,1,12215
1.5,3,5,1,9900
1.56,4,2,3,12146
1.57,4,5,1,10362
1.35,4,2,6,10639
2.02,2,3,1,13554
2.04,3,2,2,12454
1.7,4,2,1,9864
1.5,2,3,4,11216
1.5,2,1,5,10873
1.72,2,1,5,12396
1.58,4,2,2,10738
1.52,2,1,3,10051
1.55,4,4,1,10937
1.51,3,3,2,10951
2.01,3,0,2,10412
2.06,2,0,3,13948
1.5,2,2,2,9573
2.0,3,1,1,13820
1.21,3,3,5,9757
2.01,1,1,2,10184
2.05,4,4,1,12743
1.53,3,2,3,10224
2.02,2,3,1,9853
1.72,2,0,3,10477
1.53,2,2,2,10468
1.71,4,0,5,10945
2.02,1,3,1,12929
1.63,4,3,1,10680
1.7,3,4,1,10377
1.67,4,1,4,10802
1.31,4,3,4,10155
1.57,2,1,3,10447
1.54,2,3,2,10036
2.02,4,0,2,13132
2.01,3,1,1,11312
2.01,3,0,1,12407
1.58,3,3,4,11380
2.01,4,1,2,12717
1.66,2,2,2,10134
1.54,4,3,3,11487
1.25,4,6,3,10114
1.55,3,2,3,11708
1.53,3,2,2,10398
1.5,3,2,4,10584
1.34,4,2,6,10255
1.5,4,3,2,10219
1.51,2,2,2,9694
1.5,2,6,2,11442
2.0,3,2,2,11200
1.64,2,2,1,9632
1.6,4,4,1,10662
1.4,1,3,5,11519
1.51,3,3,2,10655
1.5,3,3,3,11189
2.0,2,0,1,11792
1.16,4,3,6,9781
2.01,3,0,2,12369
1.52,4,4,1,9948
1.5,4,1,5,12148
1.4,2,3,3,10351
1.2,3,3,5,10053
1.99,1,0,3,13338
1.62,3,2,2,10813
2.03,4,0,2,13357
1.57,4,3,2,11702
2.01,3,0,2,12209
1.52,2,3,2,10150
1.51,2,2,3,11166
1.61,4,3,2,11192
2.09,3,3,1,14024
1.5,2,2,3,10023
2.0,2,0,1,12342
2.11,3,1,1,13701
1.51,2,1,6,11088
2.01,3,0,3,12541
1.55,4,1,6,11869
1.56,2,1,4,9857
1.5,2,2,3,10959
1.29,4,4,4,10727
1.5,3,6,1,10517
2.15,2,1,1,12100
1.51,1,5,2,10088
2.08,2,0,2,12637
1.45,3,6,2,10800
1.55,4,4,2,11011
2.03,3,0,1,12078
1.53,3,1,4,10729
2.01,4,0,1,11011
1.98,0,2,4,12923
1.75,4,1,3,12238
2.17,3,3,1,12321
2.08,3,2,1,12454
2.03,4,1,1,13182
1.52,2,2,2,10145
1.52,3,3,6,12498
1.7,3,4,1,11322
1.51,3,2,3,10548
1.38,3,3,4,10850
1.67,3,1,3,10736
1.4,4,2,7,10976
2.02,3,2,2,13453
1.86,3,3,1,10572
2.01,3,1,2,13755
2.13,0,2,1,13370
1.34,4,3,4,9890
2.03,4,0,3,14083
2.02,3,1,1,13117
2.01,1,2,1,12215
1.23,2,3,6,11081
2.04,0,5,1,12454
2.01,2,0,3,13596
1.27,4,3,6,11002
1.65,2,2,4,12686
1.7,4,1,2,11228
1.18,4,5,4,9709
2.02,4,1,1,14027
2.0,0,0,2,11189
2.26,3,2,1,11226
1.79,4,1,4,13908
2.01,1,2,2,13929
2.01,4,1,1,12338
1.7,0,2,1,9682
1.81,1,3,1,11336
2.1,2,1,1,12612
1.51,1,5,1,10884
2.01,2,2,1,12829
1.64,4,1,3,10562
1.5,2,5,2,11194
2.01,3,0,2,9793
1.65,3,4,1,9693
2.0,3,3,1,13986
1.51,2,3,3,11640
1.5,2,5,2,10356
2.09,4,1,1,13933
1.51,3,2,6,12336
2.02,2,1,1,11390
1.51,3,3,2,10020
1.53,3,1,3,10196
1.21,4,3,6,10483
2.75,4,6,0,13156
1.05,4,4,6,9784
2.2,2,2,1,11088
1.6,4,5,1,10798
1.28,4,3,4,10126
2.0,1,3,1,10416
1.2,4,3,6,10786
1.34,4,3,4,10070
2.24,3,2,1,10913
1.82,3,3,1,12081
1.52,4,1,4,10392
1.5,3,1,4,9828
2.02,3,4,1,13267
2.07,4,0,1,12778
2.07,3,2,1,11094
1.61,4,1,3,10098
1.71,2,2,4,9974
1.51,4,3,2,10993
1.52,2,2,4,10497
1.5,2,1,5,10090
2.05,3,0,3,13667
1.52,2,2,2,9642
2.11,3,0,1,12440
1.51,4,2,4,12071
1.51,2,2,2,10331
1.6,4,3,4,9856
1.51,4,1,3,9891
1.51,3,4,2,11374
1.53,2,2,2,10446
2.0,2,0,2,12196
1.57,4,0,4,9683
1.22,4,3,7,11111
2.02,2,0,3,13499
1.54,3,3,2,10219
1.35,3,3,4,10415
1.51,2,1,4,9979
1.53,2,2,4,9896
1.37,3,3,4,10412
2.0,0,1,1,10833
1.52,3,5,1,9576
1.59,4,2,5,12971
1.52,4,3,2,11510
2.08,1,1,1,14084
2.07,3,2,2,13844
1.3,4,3,5,11175
1.22,3,4,5,10494
1.7,3,1,4,12737
2.52,0,3,0,10076
1.57,4,1,3,10093
1.52,4,1,4,10641
1.58,4,5,2,11294
1.1,4,4,5,9641
1.34,2,2,5,9735
1.75,2,0,4,10681
1.86,2,2,1,11416
1.51,3,2,3,11268
1.62,3,2,2,11455
1.61,2,5,1,10891
1.5,3,3,2,10087
2.01,3,0,1,12048
1.53,3,3,2,9572
1.28,4,3,5,10839
1.5,2,6,2,9895
1.61,4,4,2,10197
1.53,4,1,4,10796
2.08,4,0,1,12179
2.1,0,3,1,13007
2.34,2,2,0,11119
2.45,2,2,1,11830
1.4,4,3,3,10427
1.59,3,2,3,11333
1.6,3,2,3,11796
1.52,4,3,2,9704
1.51,3,3,2,10020
1.5,2,1,4,11879
2.2,3,0,1,13065
1.51,1,6,2,11212
1.83,3,1,4,13711
1.64,4,4,1,10733
1.43,4,2,5,10129
2.18,1,2,2,12825
1.5,2,2,3,10424
1.35,3,3,3,9580
1.2,4,6,3,9935
2.11,3,0,1,11663
1.53,3,2,5,12092
1.5,1,3,2,10271
1.17,4,3,6,9799
1.59,4,2,2,10832
1.35,4,3,4,10378
1.67,4,2,2,11678
2.01,1,1,1,12964
2.1,3,0,1,12494
1.51,3,2,3,11435
1.53,2,2,4,10076
1.75,2,6,1,12012
1.82,2,0,4,10090
1.52,4,2,2,10589
1.12,4,3,5,9820
1.51,1,1,4,9569
2.01,4,1,1,13574
1.6,2,2,4,12378
1.2,3,3,3,9677
1.7,4,5,1,11924
1.51,2,2,3,10950
1.5,3,2,2,10080
1.51,4,2,4,10186
1.5,4,1,4,10406
1.71,4,1,3,12342
1.58,4,2,3,11365
1.75,4,3,1,11576
2.0,0,2,1,12554
1.51,3,2,4,11263
2.0,4,1,1,13921
2.02,1,1,1,14027
1.57,3,3,2,10914
2.02,3,0,3,12832
1.58,4,2,2,10546
1.52,2,2,3,11681
2.23,3,0,1,12770
1.63,1,4,2,10901
1.51,3,2,4,11263
1.53,2,4,2,11267
2.11,3,2,1,13233
2.01,2,2,1,12229
1.62,4,1,5,11587
1.51,2,2,3,10822
1.55,2,2,2,9818
2.0,3,4,1,11413
1.25,4,4,4,9996
1.51,1,3,3,11640
1.72,2,1,4,12451
2.06,4,1,1,10728
1.27,4,3,6,10805
1.63,3,1,3,10479
1.6,2,5,1,11537
2.54,2,1,1,12095
2.29,2,2,1,11502
2.01,4,1,1,14103
1.7,4,4,2,10853
2.01,2,1,2,13691
2.0,0,2,1,11202
2.26,4,3,1,12831
1.35,4,3,4,10244
2.06,3,4,0,9967
1.57,3,1,3,9847
1.71,4,2,3,9618
1.51,3,2,2,10063
2.02,3,1,1,13117
2.3,1,1,1,12944
1.52,3,5,2,10180
1.5,2,2,7,12988
1.26,4,3,4,9907
1.51,3,1,3,9682
1.53,4,5,2,11470
2.01,3,2,2,12271
1.54,3,4,2,9926
2.01,3,0,1,12403
1.53,3,1,4,10282
1.6,2,1,4,10824
1.59,4,1,2,10106
1.5,4,1,5,10646
1.51,2,1,4,10215
1.58,3,1,4,10618
1.56,4,1,5,10481
1.52,3,2,5,12013
2.01,2,0,2,14125
1.56,3,2,3,10702
1.7,3,1,3,11062
1.24,4,3,7,11376
1.57,4,1,3,9912
1.52,1,2,2,10078
1.56,3,2,3,10331
2.01,3,0,3,13572
1.55,4,2,4,12087
1.5,1,4,2,10766
1.7,3,2,3,12992
1.53,4,1,3,11434
1.51,3,2,4,10939
2.22,2,0,1,10662
2.14,3,3,1,12792
2.01,3,2,3,13599
2.01,4,1,2,12606
2.01,3,0,2,11188
1.51,3,2,4,10655
1.52,4,2,4,11154
1.29,2,5,4,10780
1.5,0,2,3,10206
1.55,3,2,4,11562
2.01,3,2,1,11825
2.09,4,3,1,11119
1.51,2,2,2,10314
1.74,3,1,4,13037
1.53,2,4,4,11379
1.26,3,6,3,9720
1.51,0,5,2,11102
2.0,0,1,1,9610
1.71,2,1,2,10681
2.02,4,1,1,13229
1.52,3,2,3,11206
1.87,3,1,1,11105
1.2,4,3,4,9625
2.09,2,2,1,12295
1.71,2,6,1,11737
1.23,4,3,5,10304
2.03,2,6,1,13858
2.11,2,1,1,12937
1.54,4,2,2,9562
1.35,4,6,3,10796
2.07,4,1,1,13879
1.5,2,4,2,10479
2.01,4,1,2,10389
1.5,4,4,2,11405
1.47,3,3,3,11113
2.01,3,1,1,13574
1.61,3,6,2,12231
2.21,3,2,2,13983
2.0,3,2,1,11108
1.5,3,3,3,11189
2.01,4,3,1,13498
2.01,2,0,2,12392
1.5,3,3,2,10219
2.03,2,1,1,13063
2.72,4,2,0,11594
2.01,3,0,1,12407
2.01,3,1,1,9658
1.6,1,2,4,12546
2.01,0,3,1,10887
1.5,2,1,5,9828
1.91,4,3,1,12700
2.01,2,0,3,12683
1.57,4,1,4,10209
1.36,3,4,3,10929
1.57,4,1,2,11040
1.51,3,2,3,11435
1.27,4,3,7,11157
2.0,1,1,2,12554
2.02,2,2,1,13655
1.5,0,4,2,10450
2.0,3,0,1,11899
1.31,4,4,4,10957
2.0,0,1,2,13764
2.28,3,2,2,13919
2.09,3,2,1,10182
1.77,3,1,3,12378
1.7,2,1,4,12621
2.04,3,0,3,11209
1.61,3,2,2,11169
2.06,1,0,2,11854
2.22,3,1,2,14095
2.01,0,0,3,13744
1.7,2,1,3,10935
2.01,0,2,1,10772
2.0,0,4,1,12610
1.54,3,3,2,11209
1.56,4,1,3,10333
2.02,4,2,1,12485
1.5,3,2,3,10668
1.5,2,5,2,10046
1.66,3,3,1,10030
1.59,2,2,3,11333
1.5,3,2,2,9768
1.58,3,6,1,10934
1.56,4,2,2,10739
1.24,3,3,5,10388
2.02,4,0,1,11314
1.5,1,2,3,10886
1.9,3,4,1,12812
1.57,3,3,3,11711
2.01,1,0,1,11554
2.15,2,0,2,13622
1.44,3,4,2,9653
1.76,4,1,5,14065
2.18,3,2,1,11579
1.51,3,2,2,10020
1.57,4,1,2,10633
1.91,4,3,1,12816
1.51,3,2,6,12224
2.04,1,1,2,11820
1.74,2,2,1,10086
2.15,3,3,1,13317
1.52,4,2,3,11379
1.27,3,3,5,10389
2.01,3,1,1,12338
1.53,4,1,4,10560
1.88,2,2,3,12339
1.53,2,1,3,9802
1.83,3,5,1,12492
1.7,3,1,3,9996
2.06,4,2,1,12119
1.2,3,3,5,9873
2.05,3,3,1,12857
2.01,0,0,2,11212
1.25,4,4,3,10006
1.65,4,2,5,12225
1.71,3,1,1,9760
1.55,3,6,1,10905
2.05,3,6,1,12891
2.01,2,0,1,10490
1.53,2,1,4,10602
1.23,4,4,4,9836
2.01,0,4,2,13387
1.51,4,5,1,10210
1.68,4,0,4,10681
1.23,4,4,4,9660
1.55,3,2,2,9763
2.08,2,2,1,13206
1.5,4,1,3,9730
1.5,0,2,4,11007
3.0,3,3,0,13203
1.53,1,2,7,13248
1.66,4,5,1,10754
1.83,3,1,2,11883
1.83,3,0,2,10709
1.55,2,6,1,11284
1.23,2,4,4,10035
2.02,2,0,2,12598
2.29,0,0,3,13701
1.5,4,1,7,12725
1.23,2,3,5,9999
2.09,3,0,1,13212
2.11,3,0,2,13996
1.53,3,2,3,11104
2.0,3,0,3,11966
2.02,2,0,1,11475
1.5,2,5,2,11533
2.0,3,2,1,13134
1.71,3,1,2,11003
1.29,3,4,4,10530
2.0,1,5,1,13320
1.51,1,1,4,9581
2.03,2,6,1,12765
1.11,4,3,5,9734
2.17,2,0,1,13782
2.0,4,2,2,12654
1.25,4,6,4,10441
2.12,3,2,1,13307
1.5,3,2,3,10478
1.7,3,2,3,10333
1.76,4,3,2,10896
1.7,2,2,5,11133
1.51,3,2,3,10411
1.71,2,1,3,11389
2.19,3,0,1,13355
1.21,4,3,5,10378
1.59,2,3,2,10963
1.51,1,5,2,10696
1.59,2,1,4,11018
1.76,3,5,1,9580
1.53,3,2,4,11127
1.7,2,2,3,12874
1.28,4,3,7,11401
1.73,4,0,3,10076
2.01,4,1,1,13777
1.5,2,2,3,10206
1.55,3,2,3,11846
1.6,3,3,2,11818
1.5,4,2,3,11159
1.54,2,2,2,10279
2.01,2,3,1,12271
1.51,4,1,4,10655
1.2,4,3,6,9784
1.51,0,3,4,11739
1.24,4,3,6,10724
1.7,3,1,3,11360
1.23,3,6,3,9836
1.72,4,3,1,10268
2.01,2,2,2,11825
2.1,0,3,1,11923
1.55,3,3,2,9600
1.7,3,1,3,10396
1.57,4,2,2,11068
1.57,3,1,3,9847
1.52,2,1,3,10130
1.72,1,3,1,10084
2.04,2,0,3,13609
1.71,4,5,1,11816
2.23,3,0,1,13931
1.57,3,2,4,11711
1.57,3,2,5,12098
2.02,3,1,1,13991
2.19,1,1,1,11756
1.68,4,6,1,11147
1.91,3,1,2,13367
2.63,2,0,0,10437
1.51,1,5,2,11487
1.7,2,1,2,10341
2.03,1,6,1,13109
1.51,0,2,4,11263
1.76,3,1,3,9659
1.59,3,3,2,9707
1.33,3,3,4,9876
1.53,4,3,1,9596
1.53,2,1,4,9823
1.3,2,3,4,10654
1.56,4,2,3,11531
1.5,2,6,1,9783
1.54,3,2,3,11769
1.54,3,6,1,9821
1.54,3,1,3,9659
1.75,4,0,3,9663
1.71,3,1,4,13097
1.74,3,1,2,11020
1.7,3,1,2,10501
1.71,4,4,1,11199
1.5,4,2,3,10920
1.5,1,3,3,11508
1.2,4,3,5,10454
1.42,2,3,4,11452
2.34,1,0,3,12961
1.64,4,2,3,12561
1.76,2,1,1,9898
2.03,4,0,1,12716
1.8,1,4,1,12196
2.01,2,0,3,13109
2.5,3,2,1,12071
1.5,1,5,2,11368
1.52,3,5,1,9831
1.54,2,2,3,11527
1.54,3,2,3,10977
1.5,2,1,3,9804
1.51,1,2,3,10628
1.5,2,2,3,11025
1.22,4,4,4,9581
2.1,1,1,1,11818
1.32,3,4,3,10423
2.02,2,1,1,13865
1.26,2,5,3,9802
1.62,4,1,4,11152
1.5,3,1,5,11007
1.7,3,1,3,11888
1.5,4,5,2,11385
1.57,3,1,5,11146
1.5,2,2,5,11748
2.32,1,0,2,13654
2.11,3,0,1,12554
1.5,3,3,2,9954
1.57,3,3,2,11113
1.5,3,2,3,11360
1.5,3,5,2,10819
1.72,1,6,1,12248
2.4,4,0,2,12468
1.55,2,3,2,10707
2.04,3,0,3,13600
2.04,3,3,0,9905
1.71,3,1,3,11958
2.06,3,2,1,12677
2.01,2,0,2,12084
1.87,3,2,1,11037
1.55,4,6,1,10275
1.54,4,2,5,12171
1.58,4,6,1,11428
1.51,4,4,2,11035
1.5,2,5,1,9900
2.04,4,0,2,12696
1.24,4,3,5,10395
2.43,3,3,0,9716
2.0,3,0,1,11899
1.01,2,4,6,9667
2.01,3,0,3,13228
1.36,2,6,2,9874
2.0,4,5,1,12210
1.63,4,1,3,11019
2.36,4,2,1,14146
2.0,4,4,0,10685
1.71,3,1,4,10055
1.7,1,3,2,11180
1.39,2,3,3,10476
1.5,4,2,3,10692
1.7,4,1,3,11360
1.61,4,3,2,11859
1.5,2,6,2,11352
1.5,4,2,4,10080
2.04,0,1,1,9802
1.66,4,2,3,12244
1.54,3,5,2,11795
1.71,3,2,2,12338
1.51,4,2,3,11435
1.51,4,2,3,10959
2.0,0,2,1,10913
1.56,4,1,2,9788
2.0,4,2,3,13531
1.19,4,3,4,9918
1.52,3,2,3,9704
1.57,2,1,4,10336
1.57,2,6,1,9698
2.01,0,2,1,10184
1.55,2,3,3,11703
1.56,4,4,1,10571
2.01,4,1,2,12617
1.53,2,5,1,11069
1.59,4,1,2,9813
2.04,3,3,0,9727
1.24,4,4,4,10138
1.51,2,4,2,11560
1.74,1,2,2,12032
2.01,3,0,1,13133
1.7,2,6,1,11431
2.09,3,4,1,12377
1.54,4,1,4,11651
1.21,3,3,5,9779
2.02,1,0,1,10666
1.8,3,0,4,11329
1.51,4,4,2,10693
2.08,3,3,1,12883
2.01,2,0,4,12845
1.13,4,3,7,10228
1.25,2,5,4,10285
2.15,3,2,1,12458
1.54,3,3,2,11107
1.59,4,2,2,10284
1.7,3,2,3,12992
1.75,3,1,4,12416
1.8,3,6,2,12338
2.0,3,2,1,12210
1.7,4,1,4,12996
2.14,3,0,1,13326
1.22,3,3,5,10111
2.01,3,1,1,9658
2.11,4,2,1,12179
2.0,0,1,1,10483
2.0,3,0,4,11793
1.78,2,6,1,12981
2.0,0,2,1,11655
2.0,2,2,2,13320
2.01,4,5,1,13387
2.17,3,4,1,13084
2.11,3,2,1,12633
2.09,4,1,1,13807
2.02,3,5,1,13677
1.53,4,2,2,10145
2.0,4,0,3,13263
1.31,4,3,6,11146
1.58,4,2,2,10345
1.29,4,3,5,10807
1.32,2,4,4,10575
1.55,3,2,3,11428
1.5,2,6,2,11442
1.5,4,3,1,10543
1.7,3,1,5,11775
2.19,3,1,1,15032
2.14,3,2,2,14490
2.56,4,0,2,17753
2.16,2,2,1,14824
2.51,1,3,1,14251
2.53,3,2,1,15148
2.42,3,0,1,16198
2.26,3,2,1,15428
2.25,1,0,2,15287
2.04,2,0,4,14527
2.5,3,2,1,15934
2.49,4,0,2,16915
2.6,0,3,1,17027
2.14,4,1,1,14267
2.53,3,0,1,16934
2.35,3,1,2,14185
3.04,2,1,1,15354
2.39,3,1,4,17642
2.0,3,0,5,15214
2.05,3,0,4,14973
2.0,1,0,4,14973
2.33,2,0,3,14801
2.06,3,1,2,14488
2.47,3,0,1,16532
2.09,3,0,4,15035
2.04,2,1,1,14527
2.43,2,2,1,16170
2.02,3,0,3,14330
2.56,3,0,2,17186
2.16,2,3,1,15166
2.38,2,0,3,16126
2.01,2,2,2,14725
2.3,4,2,1,14215
2.01,3,2,1,14364
2.04,2,1,1,14477
2.05,3,0,4,14411
2.52,4,1,2,17231
2.5,0,0,1,14652
2.01,0,0,4,14402
2.07,3,2,2,14476
2.52,3,2,1,17522
2.4,4,0,2,16274
2.58,3,2,1,16195
2.24,3,1,1,15515
2.14,3,1,3,15559
2.54,4,3,1,17339
2.09,4,0,4,15172
2.22,4,1,1,14416
2.06,3,5,1,14634
2.72,4,0,1,17801
2.54,2,1,1,15394
2.08,3,2,1,14462
2.09,2,1,1,14704
2.0,0,2,2,14430
2.46,4,0,1,16466
2.05,3,0,4,15109
2.14,3,1,3,15418
2.01,3,1,2,14558
2.74,2,2,1,17184
2.52,1,3,1,17608
2.31,2,0,3,14830
2.14,1,1,1,14452
2.03,4,5,1,14308
2.13,3,0,3,15110
2.75,3,2,1,15415
2.39,3,2,2,16687
2.0,3,2,2,14319
2.31,3,0,6,16100
2.11,2,1,2,14740
2.42,4,2,1,16826
2.05,3,0,4,14224
3.01,3,0,1,18710
2.32,3,4,1,16237
3.01,1,1,1,18242
2.22,3,1,3,14662
2.28,2,1,1,16041
2.2,2,2,3,16239
2.27,1,2,1,14249
2.0,3,6,1,14406
2.59,4,0,4,16465
2.03,2,1,4,15086
2.65,3,3,1,16314
2.5,0,3,1,14194
2.16,3,0,2,14328
2.15,4,1,2,14534
2.53,4,1,2,16709
2.06,3,2,2,14863
2.43,0,3,1,14975
2.7,2,2,1,14341
2.51,1,1,1,14209
2.3,4,1,1,16181
2.01,3,4,1,14279
2.22,3,1,1,15184
2.37,3,1,3,14837
2.0,0,2,4,14199
2.4,0,0,1,15824
2.14,4,3,1,14359
2.4,3,4,1,16797
2.11,4,1,2,15282
3.01,0,1,1,18242
2.07,4,2,2,14935
2.22,4,3,1,15584
2.28,3,0,3,16564
2.37,4,0,3,16789
2.39,2,0,3,16791
2.1,2,0,3,14229
2.45,4,4,1,16589
2.22,2,1,1,15047
2.1,3,0,3,14359
2.27,3,1,2,14362
2.57,3,6,1,17924
2.35,3,2,1,16340
2.02,4,0,4,15231
2.02,3,1,1,14211
2.28,3,0,4,16174
2.03,4,0,4,14579
2.01,2,1,4,14792
2.06,1,1,3,15046
2.19,3,1,1,15169
2.38,3,3,1,14648
2.16,1,1,3,14266
2.64,4,2,1,17407
2.37,4,0,3,16059
2.32,3,0,1,14666
2.35,2,1,1,15122
2.39,4,0,4,17365
2.23,3,0,3,14867
2.01,4,1,2,14540
2.42,3,0,1,16198
2.51,2,0,2,16842
2.11,3,1,1,14615
2.04,4,1,2,14775
2.54,2,2,1,16353
2.14,4,1,1,14452
2.09,3,2,1,14581
2.28,3,0,3,16369
2.5,4,0,1,14502
2.02,3,1,1,14350
2.19,3,1,1,15169
2.42,3,1,4,17262
2.16,4,0,4,15714
2.08,3,1,2,15065
2.06,3,1,4,15393
2.01,4,1,2,14558
2.11,4,0,4,15766
2.14,1,2,2,14395
2.16,4,0,2,14691
2.03,4,1,2,14548
3.51,3,0,3,18701
2.2,4,0,2,14593
2.0,4,0,3,14323
2.5,0,4,1,17405
3.01,1,2,1,18593
2.8,3,1,1,15030
3.01,3,0,1,18710
2.06,4,1,1,14428
2.55,1,2,1,14775
2.22,4,3,1,14637
2.27,3,2,1,15783
2.5,4,0,1,15990
2.01,4,2,1,14364
2.14,4,0,3,14802
2.18,4,1,1,14870
2.2,3,0,4,15201
2.3,4,3,1,14744
2.47,3,1,1,14970
2.1,3,1,3,14394
2.06,4,1,1,14505
2.57,3,5,1,17116
2.04,3,2,1,14184
2.04,3,0,4,14660
2.06,0,0,4,14750
2.16,2,0,2,14715
2.01,3,0,4,15185
2.28,4,0,4,16592
2.4,4,0,2,16687
2.51,4,2,2,15324
2.34,3,1,2,15818
2.2,4,2,1,14408
2.48,0,1,1,15030
2.02,3,1,4,14238
2.5,4,1,3,16955
2.61,4,0,1,17209
3.0,1,0,1,14918
2.71,3,5,1,17146
2.2,3,0,4,15064
1.85,4,1,5,14375
2.74,2,0,1,17164
2.51,3,2,1,14543
2.55,3,1,1,14351
2.51,3,0,3,18020
2.03,2,1,1,14239
2.0,3,1,3,14763
2.01,3,0,6,15836
2.38,3,0,3,16273
2.32,3,0,1,14666
2.14,4,1,1,14321
2.14,2,0,2,14556
2.29,3,3,1,15366
2.31,3,0,2,15323
2.18,4,4,1,14277
3.0,3,1,1,16970
2.5,4,0,1,15246
2.19,2,1,2,14819
2.06,2,1,1,14298
2.5,2,0,2,17028
2.46,4,3,1,15745
3.01,3,3,1,14220
2.66,1,2,1,18495
2.15,4,1,1,14388
2.51,3,0,1,16427
2.02,3,1,1,14341
2.03,0,2,2,14646
2.54,2,2,1,16353
2.51,3,2,1,14543
2.22,1,1,1,14285
2.08,3,1,6,15654
2.53,3,2,1,14659
2.18,2,1,1,14735
2.52,0,0,1,15776
2.02,2,1,3,14620
2.09,4,1,1,14838
2.11,4,0,3,14638
1.94,2,1,3,14489
2.4,3,0,2,16304
2.51,3,0,1,16278
2.2,3,1,1,15238
2.27,3,1,1,14937
2.01,3,2,2,14502
2.18,4,1,2,15646
2.14,3,1,2,15499
2.06,1,1,2,14920
2.42,3,0,3,17168
2.02,3,1,2,14240
2.0,1,1,3,14889
2.25,3,1,2,15397
2.51,3,0,2,17452
2.66,1,2,1,16239
3.01,1,1,1,18242
2.0,2,0,5,15076
2.63,4,0,1,16914
2.05,4,0,4,15450
2.25,2,2,1,14775
2.24,3,1,1,15375
2.3,3,2,1,15992
3.0,0,1,1,16970
2.43,3,1,1,14727
2.07,1,1,3,15119
2.23,3,0,4,16025
2.17,3,2,2,14452
1.85,4,1,5,14245
2.26,4,1,1,15606
3.4,0,6,0,15964
2.51,2,5,1,16717
2.19,4,1,1,15254
2.1,4,2,2,15035
2.54,3,2,1,14717
2.25,3,0,2,16004
2.41,3,2,1,15248
2.2,2,1,1,15424
2.01,2,0,4,14812
2.05,3,0,4,15067
2.29,4,0,1,14500
2.03,3,0,4,14588
2.33,3,0,2,14711
2.47,4,0,1,15430
2.54,4,3,1,14421
2.66,1,2,1,16239
2.25,4,2,2,14348
2.08,3,0,3,14933
2.4,3,0,2,15920
2.0,0,3,1,14208
2.3,2,1,1,14603
2.18,3,0,3,15465
2.23,3,0,2,14258
2.2,4,3,1,14691
2.21,3,2,1,14299
3.01,4,0,1,16037
2.17,2,2,1,14625
2.37,3,2,1,16021
2.11,0,1,2,15282
2.42,3,0,3,17168
2.28,1,0,2,14220
2.2,4,1,1,14277
2.35,3,0,4,14399
2.3,4,0,3,16062
2.04,3,1,2,14775
2.8,1,3,1,18788
2.03,4,3,2,14637
2.6,3,0,1,17209
2.33,4,1,3,15073
2.2,4,1,4,15092
2.39,3,2,2,15917
2.23,2,0,3,14732
2.16,4,1,1,15124
3.04,3,1,1,18559
2.28,1,0,2,14350
2.2,4,0,3,15384
2.15,4,1,1,14519
2.58,2,6,1,14749
2.04,3,2,2,14888
2.1,3,1,2,15007
2.53,0,2,1,17103
2.48,3,1,2,16715
3.01,3,1,1,18242
2.15,4,0,4,15613
2.53,3,2,1,17591
2.02,4,2,3,14182
3.01,0,1,1,18242
2.48,2,2,1,15746
2.44,2,0,3,16533
2.3,4,3,1,15433
2.56,1,0,1,15231
2.27,4,1,1,15710
2.24,4,1,1,15730
2.53,4,0,1,15993
2.48,3,1,3,16820
3.01,4,0,0,16538
2.02,3,2,2,14574
2.0,2,0,3,14403
2.02,4,0,3,14766
2.28,4,0,3,16450
2.13,4,0,3,15258
2.28,3,2,1,15413
2.01,2,1,4,15335
2.42,3,0,1,16198
2.01,3,4,2,14502
2.41,3,0,4,15320
2.01,1,1,2,14597
2.0,3,1,1,14199
2.19,3,2,2,15801
2.07,4,1,2,14857
2.12,4,0,2,14503
2.0,3,1,1,14208
2.09,4,2,2,14383
2.38,3,2,2,16643
2.51,4,2,1,17162
2.24,4,0,3,15316
